timestamp,ticker,price_spot,price_high,price_low,volatility_pct,iv_estimate
2026-10-05 13:43:12,GDX,86.52,87.88,86.49,1.607,0.3708
2026-10-05 13:43:12,NVDA,237.73,237.79,235.15,1.123,0.2524
2026-10-05 13:43:12,MARA,10.8899,11.41,10.82,5.453,0.6963
2026-10-05 13:43:12,GLD,379.71,380.78,379.505,0.336,0.2127
2026-10-05 13:43:12,INTC,117.7,118.0,115.31,2.333,0.7384
2026-10-05 13:43:12,MSFT,531.36,531.4,521.53,1.893,0.2251
2026-10-05 13:43:12,DIS,101.62,102.0,101.39,0.602,0.2317
2026-10-05 13:43:12,FCX,72.31,72.73,71.84,1.239,0.4037
2026-10-05 13:46:08,GDX,86.08,87.88,86.0495,2.127,0.3727
2026-10-05 13:46:08,NVDA,237.52,237.8599,235.15,1.152,0.2518
2026-10-05 13:46:08,MARA,10.8671,11.41,10.82,5.453,0.6975
2026-10-05 13:46:08,GLD,378.86,380.78,378.8292,0.515,0.2125
2026-10-05 13:46:08,INTC,117.2499,118.0583,115.31,2.383,0.7402
2026-10-05 13:46:08,MSFT,530.96,532.35,521.53,2.075,0.2241
2026-10-05 13:46:08,DIS,101.77,102.0,101.39,0.602,0.2315
2026-10-05 13:46:08,FCX,71.65,72.73,71.65,1.507,0.4038
2026-10-05 13:52:05,GDX,86.66,87.88,85.99,2.198,0.3704
2026-10-05 13:52:05,NVDA,237.57,237.8599,235.15,1.152,0.2519
2026-10-05 13:52:05,MARA,10.9301,11.41,10.81,5.55,0.6944
2026-10-05 13:52:05,GLD,379.7,380.78,378.77,0.531,0.2127
2026-10-05 13:52:05,INTC,117.06,118.0583,115.31,2.383,0.741
2026-10-05 13:52:05,MSFT,527.8,532.35,521.53,2.075,0.217
2026-10-05 13:52:05,DIS,101.515,102.0,101.39,0.602,0.232
2026-10-05 13:52:05,FCX,72.245,72.73,71.42,1.834,0.4036
2026-10-05 13:53:12,GDX,86.67,87.88,85.99,2.198,0.3704
2026-10-05 13:53:12,NVDA,237.64,237.8599,235.15,1.152,0.2521
2026-10-05 13:53:12,MARA,10.905,11.41,10.81,5.55,0.6956
2026-10-05 13:53:12,GLD,379.64,380.78,378.77,0.531,0.2126
2026-10-05 13:53:12,INTC,116.61,118.0583,115.31,2.383,0.7432
2026-10-05 13:53:12,MSFT,528.51,532.35,521.53,2.075,0.2185
2026-10-05 13:53:12,DIS,101.51,102.0,101.39,0.602,0.232
2026-10-05 13:53:12,FCX,72.295,72.73,71.42,1.834,0.4037
2026-10-05 13:54:22,GDX,86.63,87.88,85.99,2.198,0.3705
2026-10-05 13:54:22,NVDA,237.475,237.8599,235.15,1.152,0.2516
2026-10-05 13:54:22,MARA,10.855,11.41,10.81,5.55,0.6982
2026-10-05 13:54:22,GLD,379.76,380.78,378.77,0.531,0.2127
2026-10-05 13:54:22,INTC,116.58,118.0583,115.31,2.383,0.7433
2026-10-05 13:54:22,MSFT,528.915,532.35,521.53,2.075,0.2193
2026-10-05 13:54:22,DIS,101.4,102.0,101.355,0.636,0.2323
2026-10-05 13:54:22,FCX,72.26,72.73,71.42,1.834,0.4036
2026-10-06 18:40:05,GDX,88.49,88.87,86.66,2.55,0.3755
2026-10-06 18:40:05,NVDA,240.2599,243.37,239.6,1.573,0.2432
2026-10-06 18:40:05,MARA,10.985,11.335,10.93,3.705,0.6685
2026-10-06 18:40:05,GLD,382.05,382.55,379.82,0.719,0.2087
2026-10-06 18:40:05,INTC,114.3201,118.2,112.99,4.611,0.692
2026-10-06 18:40:05,MSFT,530.58,535.69,528.82,1.299,0.2075
2026-10-06 18:40:05,DIS,103.835,104.27,103.29,0.949,0.2378
2026-10-06 18:40:05,FCX,72.8,73.29,70.89,3.386,0.355
2026-10-07 19:06:31,GDX,85.5599,86.39,84.36,2.406,0.3788
2026-10-07 19:06:31,NVDA,236.4979,239.08,236.4129,1.128,0.2448
2026-10-07 19:06:31,MARA,10.255,10.8254,10.16,6.549,0.704
2026-10-07 19:06:31,GLD,376.38,378.25,374.24,1.072,0.2096
2026-10-07 19:06:31,INTC,112.36,115.3,111.15,3.734,0.6991
2026-10-07 19:06:31,MSFT,530.965,531.73,524.69,1.342,0.2044
2026-10-07 19:06:31,DIS,105.07,105.1,102.615,2.422,0.239
2026-10-07 19:06:31,FCX,72.05,72.1,70.62,2.096,0.3547
2026-10-08 19:02:43,GDX,86.515,87.12,85.03,2.458,0.3713
2026-10-08 19:02:43,NVDA,230.4199,237.07,229.85,3.141,0.2519
2026-10-08 19:02:43,MARA,9.8501,10.2441,9.635,6.322,0.6997
2026-10-08 19:02:43,GLD,378.1616,379.88,376.13,0.997,0.2065
2026-10-08 19:02:43,INTC,106.19,111.6,105.24,6.043,0.706
2026-10-08 19:02:43,MSFT,522.125,533.51,518.79,2.837,0.2146
2026-10-08 19:02:43,DIS,106.8201,107.245,104.0453,3.075,0.2414
2026-10-08 19:02:43,FCX,70.465,72.18,70.13,2.923,0.2683
2026-10-09 18:33:26,GDX,89.245,89.63,88.25,1.564,0.3879
2026-10-09 18:33:26,NVDA,229.6499,233.89,229.11,2.086,0.2522
2026-10-09 18:33:26,MARA,9.566,10.09,9.49,6.322,0.671
2026-10-09 18:33:26,GLD,384.4,385.04,383.2622,0.464,0.2145
2026-10-09 18:33:26,INTC,105.365,108.38,105.255,2.969,0.6941
2026-10-09 18:33:26,MSFT,534.96,535.4499,526.2401,1.75,0.2254
2026-10-09 18:33:26,DIS,107.89,107.98,107.171,0.755,0.2439
2026-10-09 18:33:26,FCX,73.805,74.0,72.505,2.062,0.292
