timestamp,ticker,signal_type,option_type,strike_type,price_recommended,channel,message_id
2026-10-05 13:41:34,COIN,CALL,OTM,95%,,VICENTE_LUZ,72873
2026-10-05 19:14:26,COIN,CALL,OTM,95%,,VICENTE_LUZ,72878
2026-10-05 19:18:32,ALSO,CALL,OTM,95%,,VICENTE_LUZ,72880
2026-10-05 19:18:32,THE,CALL,OTM,95%,,VICENTE_LUZ,72880
2026-10-05 19:18:32,OSCR,CALL,OTM,95%,,VICENTE_LUZ,72880
2026-10-05 19:18:32,FOR,CALL,OTM,95%,,VICENTE_LUZ,72880
2026-10-05 19:18:32,PER,CALL,OTM,95%,,VICENTE_LUZ,72880
2026-10-05 19:18:32,WON,CALL,OTM,95%,,VICENTE_LUZ,72880
2026-10-05 19:18:32,PAY,CALL,OTM,95%,,VICENTE_LUZ,72880
2026-10-05 19:18:32,MORE,CALL,OTM,95%,,VICENTE_LUZ,72880
2026-10-05 19:18:32,THAN,CALL,OTM,95%,,VICENTE_LUZ,72880
2026-10-05 19:19:37,FCX,CALL,OTM,95%,,VICENTE_LUZ,72881
2026-10-05 19:19:37,JAN,CALL,OTM,95%,,VICENTE_LUZ,72881
2026-10-05 19:19:37,AT,CALL,OTM,95%,,VICENTE_LUZ,72881
2026-10-05 19:19:45,FCX,CALL,OTM,95%,,VICENTE_LUZ,72882
2026-10-05 19:19:45,JAN,CALL,OTM,95%,,VICENTE_LUZ,72882
2026-10-05 19:19:45,PLAY,CALL,OTM,95%,,VICENTE_LUZ,72882
2026-10-05 19:20:25,VST,CALL,OTM,95%,,VICENTE_LUZ,72883
2026-10-05 19:20:25,JAN,CALL,OTM,95%,,VICENTE_LUZ,72883
2026-10-05 19:20:25,AT,CALL,OTM,95%,,VICENTE_LUZ,72883
2026-10-05 19:20:58,AS,CALL,OTM,95%,,VICENTE_LUZ,72884
2026-10-05 19:20:58,THE,CALL,OTM,95%,,VICENTE_LUZ,72884
2026-10-05 19:20:58,HUT,CALL,OTM,95%,,VICENTE_LUZ,72884
2026-10-05 19:20:58,FOR,CALL,OTM,95%,,VICENTE_LUZ,72884
2026-10-05 19:20:58,PER,CALL,OTM,95%,,VICENTE_LUZ,72884
2026-10-05 19:20:58,WON,CALL,OTM,95%,,VICENTE_LUZ,72884
2026-10-05 19:20:58,PAY,CALL,OTM,95%,,VICENTE_LUZ,72884
2026-10-05 19:20:58,MORE,CALL,OTM,95%,,VICENTE_LUZ,72884
2026-10-05 19:20:58,THAN,CALL,OTM,95%,,VICENTE_LUZ,72884
2026-10-05 19:25:18,MSFT,CALL,OTM,95%,,VICENTE_LUZ,72887
2026-10-05 19:28:04,TSLL,CALL,OTM,95%,,VICENTE_LUZ,72888
2026-10-05 19:28:04,JAN,CALL,OTM,95%,,VICENTE_LUZ,72888
2026-10-05 19:28:04,PLAY,CALL,OTM,95%,,VICENTE_LUZ,72888
2026-10-05 19:30:46,NVDA,CALL,OTM,95%,,VICENTE_LUZ,72889
2026-10-05 19:30:46,DEC,CALL,OTM,95%,,VICENTE_LUZ,72889
2026-10-05 19:35:28,BUY,CALL,OTM,95%,,VICENTE_LUZ,72890
2026-10-05 19:35:28,TO,CALL,OTM,95%,,VICENTE_LUZ,72890
2026-10-05 19:35:28,OPEN,CALL,OTM,95%,,VICENTE_LUZ,72890
2026-10-05 19:35:28,THE,CALL,OTM,95%,,VICENTE_LUZ,72890
2026-10-05 19:35:28,KWEB,CALL,OTM,95%,,VICENTE_LUZ,72890
2026-10-05 19:35:28,FOR,CALL,OTM,95%,,VICENTE_LUZ,72890
2026-10-05 19:35:28,ABOUT,CALL,OTM,95%,,VICENTE_LUZ,72890
2026-10-05 19:35:28,AND,CALL,OTM,95%,,VICENTE_LUZ,72890
2026-10-05 19:35:28,UP,CALL,OTM,95%,,VICENTE_LUZ,72890
2026-10-05 19:38:24,DIA,CALL,OTM,95%,,VICENTE_LUZ,72891
2026-10-05 19:38:24,AT,CALL,OTM,95%,,VICENTE_LUZ,72891
2026-10-05 19:46:28,AMZN,CALL,OTM,95%,,VICENTE_LUZ,72892
2026-10-05 19:46:28,DEC,CALL,OTM,95%,,VICENTE_LUZ,72892
2026-10-06 13:18:09,THE,CALL,OTM,95%,,VICENTE_LUZ,72910
2026-10-06 13:18:09,FROM,CALL,OTM,95%,,VICENTE_LUZ,72910
2026-10-06 13:18:09,ARE,CALL,OTM,95%,,VICENTE_LUZ,72910
2026-10-06 13:18:09,BELOW,CALL,OTM,95%,,VICENTE_LUZ,72910
2026-10-06 13:18:09,META,CALL,OTM,95%,,VICENTE_LUZ,72910
2026-10-06 13:18:09,PRINT,CALL,OTM,95%,,VICENTE_LUZ,72910
2026-10-06 13:18:09,IS,CALL,OTM,95%,,VICENTE_LUZ,72910
2026-10-06 13:18:09,HUGE,CALL,OTM,95%,,VICENTE_LUZ,72910
2026-10-06 13:18:09,BROKE,CALL,OTM,95%,,VICENTE_LUZ,72910
2026-10-06 13:18:09,OUT,CALL,OTM,95%,,VICENTE_LUZ,72910
2026-10-06 13:18:09,OF,CALL,OTM,95%,,VICENTE_LUZ,72910
2026-10-06 13:18:09,HIGH,CALL,OTM,95%,,VICENTE_LUZ,72910
2026-10-06 13:18:09,AND,CALL,OTM,95%,,VICENTE_LUZ,72910
2026-10-06 13:18:09,TIGHT,CALL,OTM,95%,,VICENTE_LUZ,72910
2026-10-06 13:18:09,FLAG,CALL,OTM,95%,,VICENTE_LUZ,72910
2026-10-06 13:18:09,WITH,CALL,OTM,95%,,VICENTE_LUZ,72910
2026-10-06 13:18:09,PT,CALL,OTM,95%,,VICENTE_LUZ,72910
2026-10-06 13:18:09,ALSO,CALL,OTM,95%,,VICENTE_LUZ,72910
2026-10-06 13:18:09,TO,CALL,OTM,95%,,VICENTE_LUZ,72910
2026-10-06 13:18:09,BE,CALL,OTM,95%,,VICENTE_LUZ,72910
2026-10-06 13:18:09,IN,CALL,OTM,95%,,VICENTE_LUZ,72910
2026-10-06 13:18:09,AI,CALL,OTM,95%,,VICENTE_LUZ,72910
2026-10-06 13:18:09,SEMI,CALL,OTM,95%,,VICENTE_LUZ,72910
2026-10-06 13:18:09,NAMES,CALL,OTM,95%,,VICENTE_LUZ,72910
2026-10-06 17:15:02,GLW,CALL,OTM,95%,,VICENTE_LUZ,72914
2026-10-06 17:15:02,FOR,CALL,OTM,95%,,VICENTE_LUZ,72914
2026-10-06 17:15:19,THE,CALL,OTM,95%,,VICENTE_LUZ,72915
2026-10-06 17:15:19,GLW,CALL,OTM,95%,,VICENTE_LUZ,72915
2026-10-06 17:15:19,FOR,CALL,OTM,95%,,VICENTE_LUZ,72915
2026-10-06 17:15:19,PER,CALL,OTM,95%,,VICENTE_LUZ,72915
2026-10-06 19:02:55,DIA,CALL,OTM,95%,,VICENTE_LUZ,72917
2026-10-06 19:02:55,AT,CALL,OTM,95%,,VICENTE_LUZ,72917
2026-10-06 19:05:33,COIN,CALL,OTM,95%,,VICENTE_LUZ,72918
2026-10-06 19:08:40,ALSO,CALL,OTM,95%,,VICENTE_LUZ,72920
2026-10-06 19:08:40,THE,CALL,OTM,95%,,VICENTE_LUZ,72920
2026-10-06 19:08:40,OSCR,CALL,OTM,95%,,VICENTE_LUZ,72920
2026-10-06 19:08:40,FOR,CALL,OTM,95%,,VICENTE_LUZ,72920
2026-10-06 19:08:40,PER,CALL,OTM,95%,,VICENTE_LUZ,72920
2026-10-06 19:08:40,WON,CALL,OTM,95%,,VICENTE_LUZ,72920
2026-10-06 19:08:40,PAY,CALL,OTM,95%,,VICENTE_LUZ,72920
2026-10-06 19:08:40,MORE,CALL,OTM,95%,,VICENTE_LUZ,72920
2026-10-06 19:08:40,THAN,CALL,OTM,95%,,VICENTE_LUZ,72920
2026-10-06 19:09:09,THE,CALL,OTM,95%,,VICENTE_LUZ,72921
2026-10-06 19:09:09,HNGE,CALL,OTM,95%,,VICENTE_LUZ,72921
2026-10-06 19:09:09,FOR,CALL,OTM,95%,,VICENTE_LUZ,72921
2026-10-06 19:09:45,VST,CALL,OTM,95%,,VICENTE_LUZ,72922
2026-10-06 19:09:45,JAN,CALL,OTM,95%,,VICENTE_LUZ,72922
2026-10-06 19:09:45,AT,CALL,OTM,95%,,VICENTE_LUZ,72922
2026-10-06 19:12:59,AS,CALL,OTM,95%,,VICENTE_LUZ,72925
2026-10-06 19:12:59,THE,CALL,OTM,95%,,VICENTE_LUZ,72925
2026-10-06 19:12:59,HUT,CALL,OTM,95%,,VICENTE_LUZ,72925
2026-10-06 19:12:59,FOR,CALL,OTM,95%,,VICENTE_LUZ,72925
2026-10-06 19:12:59,PER,CALL,OTM,95%,,VICENTE_LUZ,72925
2026-10-06 19:12:59,WON,CALL,OTM,95%,,VICENTE_LUZ,72925
2026-10-06 19:12:59,PAY,CALL,OTM,95%,,VICENTE_LUZ,72925
2026-10-06 19:12:59,MORE,CALL,OTM,95%,,VICENTE_LUZ,72925
2026-10-06 19:12:59,THAN,CALL,OTM,95%,,VICENTE_LUZ,72925
2026-10-06 19:13:35,BUY,CALL,OTM,95%,,VICENTE_LUZ,72926
2026-10-06 19:13:35,TO,CALL,OTM,95%,,VICENTE_LUZ,72926
2026-10-06 19:13:35,OPEN,CALL,OTM,95%,,VICENTE_LUZ,72926
2026-10-06 19:13:35,THE,CALL,OTM,95%,,VICENTE_LUZ,72926
2026-10-06 19:13:35,KWEB,CALL,OTM,95%,,VICENTE_LUZ,72926
2026-10-06 19:13:35,FOR,CALL,OTM,95%,,VICENTE_LUZ,72926
2026-10-06 19:13:35,ABOUT,CALL,OTM,95%,,VICENTE_LUZ,72926
2026-10-06 19:13:35,AND,CALL,OTM,95%,,VICENTE_LUZ,72926
2026-10-06 19:13:35,UP,CALL,OTM,95%,,VICENTE_LUZ,72926
2026-10-06 19:16:16,GLW,CALL,OTM,95%,,VICENTE_LUZ,72927
2026-10-06 19:16:16,FOR,CALL,OTM,95%,,VICENTE_LUZ,72927
2026-10-06 19:18:07,THE,CALL,OTM,95%,,VICENTE_LUZ,72928
2026-10-06 19:18:07,NOW,CALL,OTM,95%,,VICENTE_LUZ,72928
2026-10-06 19:18:07,FOR,CALL,OTM,95%,,VICENTE_LUZ,72928
2026-10-06 19:18:07,PER,CALL,OTM,95%,,VICENTE_LUZ,72928
2026-10-06 19:18:31,MSTR,CALL,OTM,95%,,VICENTE_LUZ,72929
2026-10-06 19:18:31,NOV,CALL,OTM,95%,,VICENTE_LUZ,72929
2026-10-06 19:23:05,GOOGL,CALL,OTM,95%,,VICENTE_LUZ,72930
2026-10-06 19:23:05,NOV,CALL,OTM,95%,,VICENTE_LUZ,72930
2026-10-06 19:36:00,DIA,CALL,OTM,95%,,VICENTE_LUZ,72932
2026-10-06 19:36:00,AT,CALL,OTM,95%,,VICENTE_LUZ,72932
2026-10-06 19:47:07,THE,CALL,OTM,95%,,VICENTE_LUZ,72933
2026-10-06 19:47:07,NBIL,CALL,OTM,95%,,VICENTE_LUZ,72933
2026-10-06 19:47:07,FOR,CALL,OTM,95%,,VICENTE_LUZ,72933
2026-10-06 19:47:07,PER,CALL,OTM,95%,,VICENTE_LUZ,72933
2026-10-06 21:48:36,THE,CALL,OTM,95%,,VICENTE_LUZ,72936
2026-10-06 21:48:36,NBIL,CALL,OTM,95%,,VICENTE_LUZ,72936
2026-10-06 21:48:36,FOR,CALL,OTM,95%,,VICENTE_LUZ,72936
